username,source,chat_type,category_slug,category_label,language,rank,scraped_at
chat_en_espanol,telegramchannels,group,all,All Categories,es,1,2026-04-09T19:07:38.759022+00:00
iptvycuentasgratis,telegramchannels,group,all,All Categories,es,2,2026-04-09T19:07:38.759032+00:00
lapatanamusic,telegramchannels,group,all,All Categories,es,3,2026-04-09T19:07:38.759035+00:00
gasolinacaracas,telegramchannels,group,all,All Categories,es,7,2026-04-09T19:07:38.759052+00:00
cienciadelenergismogrupo,telegramchannels,group,all,All Categories,es,8,2026-04-09T19:07:38.759055+00:00
mercadolibremaracay,telegramchannels,group,all,All Categories,es,9,2026-04-09T19:07:38.759058+00:00
amistad_chat_amigos,telegramchannels,group,all,All Categories,es,10,2026-04-09T19:07:38.759061+00:00
elanimeesmiadn,telegramchannels,group,all,All Categories,es,11,2026-04-09T19:07:38.759063+00:00
amazonchollazoses,telegramchannels,group,all,All Categories,es,12,2026-04-09T19:07:38.759066+00:00
libros_electronicos,telegramchannels,group,all,All Categories,es,13,2026-04-09T19:07:38.759069+00:00
telegorda1,telegramchannels,group,all,All Categories,es,14,2026-04-09T19:07:38.759072+00:00
cubaventas,telegramchannels,group,all,All Categories,es,15,2026-04-09T19:07:38.759075+00:00
bybitspanish,telegramchannels,group,all,All Categories,es,16,2026-04-09T19:07:38.759078+00:00
pythonesp,telegramchannels,group,all,All Categories,es,17,2026-04-09T19:07:38.759081+00:00
dineromovilchat,telegramchannels,group,all,All Categories,es,18,2026-04-09T19:07:38.759083+00:00
cursospremiumfull,telegramchannels,group,all,All Categories,es,19,2026-04-09T19:07:38.759086+00:00
tropipay_payments,telegramchannels,group,all,All Categories,es,20,2026-04-09T19:07:38.759089+00:00
flixper,telegramchannels,group,all,All Categories,es,21,2026-04-09T19:07:38.759092+00:00
apkpremium_pro_chat,telegramchannels,group,all,All Categories,es,22,2026-04-09T19:07:38.759095+00:00
fortinet_la,telegramchannels,group,all,All Categories,es,23,2026-04-09T19:07:38.759097+00:00
alichollos_tecnologia_es,telegramchannels,group,all,All Categories,es,24,2026-04-09T19:07:38.759101+00:00
estoicos,telegramchannels,group,all,All Categories,es,25,2026-04-09T19:07:38.759103+00:00
gnulinuxgrupo,telegramchannels,group,all,All Categories,es,26,2026-04-09T19:07:38.759106+00:00
mikrotik_la,telegramchannels,group,all,All Categories,es,27,2026-04-09T19:07:38.759109+00:00
simpsonsgrupo,telegramchannels,group,all,All Categories,es,28,2026-04-09T19:07:38.759112+00:00
pasaportevenezolano,telegramchannels,group,all,All Categories,es,29,2026-04-09T19:07:38.759115+00:00
vendoycompromaracay,telegramchannels,group,all,All Categories,es,30,2026-04-09T19:07:38.759118+00:00
ginseg,telegramchannels,group,all,All Categories,es,31,2026-04-09T19:07:38.759121+00:00
coronavirus_makers,telegramchannels,group,all,All Categories,es,32,2026-04-09T19:07:38.759124+00:00
rinconotaku,telegramchannels,group,all,All Categories,es,33,2026-04-09T19:07:38.759126+00:00
ofertasgrandes,telegramchannels,group,all,All Categories,es,34,2026-04-09T19:07:38.759129+00:00
medicinaentelegram,telegramchannels,group,all,All Categories,es,35,2026-04-09T19:07:38.759132+00:00
linuxeros_es,telegramchannels,group,all,All Categories,es,36,2026-04-09T19:07:38.759135+00:00
alichollos_hogar_es,telegramchannels,group,all,All Categories,es,37,2026-04-09T19:07:38.759138+00:00
thegoodhacker,telegramchannels,group,all,All Categories,es,38,2026-04-09T19:07:38.759141+00:00
anycubic,telegramchannels,group,all,All Categories,es,39,2026-04-09T19:07:38.759143+00:00
araguazonacentral,telegramchannels,group,all,All Categories,es,40,2026-04-09T19:07:38.759146+00:00
novelas4fan,telegramchannels,group,all,All Categories,es,41,2026-04-09T19:07:38.759149+00:00
educacionaragonesa,telegramchannels,group,all,All Categories,es,42,2026-04-09T19:07:38.759152+00:00
ediciongrafica,telegramchannels,group,all,All Categories,es,43,2026-04-09T19:07:38.759155+00:00
grupodepsicoanalisis,telegramchannels,group,all,All Categories,es,44,2026-04-09T19:07:38.759158+00:00
alichollos_belleza_es,telegramchannels,group,all,All Categories,es,45,2026-04-09T19:07:38.759161+00:00
romeroshopmx,telegramchannels,group,all,All Categories,es,46,2026-04-09T19:07:38.759164+00:00
gasolinamaracaiboof,telegramchannels,group,all,All Categories,es,47,2026-04-09T19:07:38.759167+00:00
arduchino,telegramchannels,group,all,All Categories,es,48,2026-04-09T19:07:38.759169+00:00
semillas_estelares_starseeds,telegramchannels,group,all,All Categories,es,49,2026-04-09T19:07:38.759172+00:00
stgcrypto,telegramchannels,group,all,All Categories,es,50,2026-04-09T19:07:38.759175+00:00
cc_21draw,telegramchannels,group,all,All Categories,es,51,2026-04-09T19:07:38.759178+00:00
forexprofitdc,telegramchannels,group,all,All Categories,es,52,2026-04-09T19:07:38.759181+00:00
detrasdelmapa,telegramchannels,group,all,All Categories,es,53,2026-04-09T19:07:38.759183+00:00
calibreconfiguraciones,telegramchannels,group,all,All Categories,es,54,2026-04-09T19:07:38.759187+00:00
wilmerdelgadoc,telegramchannels,group,all,All Categories,es,55,2026-04-09T19:07:38.759190+00:00
capacitacionesvisualtrader,telegramchannels,group,all,All Categories,es,56,2026-04-09T19:07:38.759193+00:00
loscursosdeldioskira,telegramchannels,group,all,All Categories,es,57,2026-04-09T19:07:38.759195+00:00
deepspacehispano,telegramchannels,group,all,All Categories,es,58,2026-04-09T19:07:38.759198+00:00
bricolaje_ferreteria,telegramchannels,group,all,All Categories,es,59,2026-04-09T19:07:38.759202+00:00
riverdalenow,telegramchannels,group,all,All Categories,es,60,2026-04-09T19:07:38.759204+00:00
super_cuotas,telegramchannels,group,all,All Categories,es,61,2026-04-09T19:07:38.759207+00:00
impresoras3desp,telegramchannels,group,all,All Categories,es,62,2026-04-09T19:07:38.759210+00:00
mobileshotbr,telegramchannels,group,all,All Categories,es,63,2026-04-09T19:07:38.759213+00:00
iptvgratis_anacondatv,telegramchannels,group,all,All Categories,es,64,2026-04-09T19:07:38.759216+00:00
alichollos_maternidad_es,telegramchannels,group,all,All Categories,es,65,2026-04-09T19:07:38.759219+00:00
anime_on_global,telegramchannels,group,all,All Categories,es,66,2026-04-09T19:07:38.759222+00:00
bitcoinesps,telegramchannels,group,all,All Categories,es,67,2026-04-09T19:07:38.759225+00:00
spainiptvzone9,telegramchannels,group,all,All Categories,es,68,2026-04-09T19:07:38.759228+00:00
club_de_ilustradores,telegramchannels,group,all,All Categories,es,69,2026-04-09T19:07:38.759231+00:00
flstudioesp,telegramchannels,group,all,All Categories,es,70,2026-04-09T19:07:38.759233+00:00
ezeiza,telegramchannels,group,all,All Categories,es,71,2026-04-09T19:07:38.759236+00:00
darwinizate,telegramchannels,group,all,All Categories,es,72,2026-04-09T19:07:38.759239+00:00
cartelseo,telegramchannels,group,all,All Categories,es,73,2026-04-09T19:07:38.759242+00:00
tvpelisflixhd,telegramchannels,group,all,All Categories,es,74,2026-04-09T19:07:38.759245+00:00
googleadsecommerce,telegramchannels,group,all,All Categories,es,75,2026-04-09T19:07:38.759247+00:00
chollosahora,telegramchannels,group,all,All Categories,es,76,2026-04-09T19:07:38.759250+00:00
fxnexotrading,telegramchannels,group,all,All Categories,es,77,2026-04-09T19:07:38.759253+00:00
educacion_tics,telegramchannels,group,all,All Categories,es,78,2026-04-09T19:07:38.759256+00:00
trivial_online,telegramchannels,group,all,All Categories,es,79,2026-04-09T19:07:38.759259+00:00
chataterrador,telegramchannels,group,all,All Categories,es,80,2026-04-09T19:07:38.759262+00:00
losgrandestoicoschat,telegramchannels,group,all,All Categories,es,81,2026-04-09T19:07:38.759265+00:00
solopeliculasesp,telegramchannels,group,all,All Categories,es,82,2026-04-09T19:07:38.759267+00:00
pepefy_chat,telegramchannels,group,all,All Categories,es,83,2026-04-09T19:07:38.759270+00:00
goodboytalking,telegramchannels,group,all,All Categories,es,84,2026-04-09T19:07:38.759273+00:00
licenciaswindowsyoffice,telegramchannels,group,all,All Categories,es,85,2026-04-09T19:07:38.759276+00:00
dibujoilustracionyacuarelas,telegramchannels,group,all,All Categories,es,86,2026-04-09T19:07:38.759279+00:00
odisea_filosofica,telegramchannels,group,all,All Categories,es,87,2026-04-09T19:07:38.759281+00:00
vintbooks,telegramchannels,group,all,All Categories,es,88,2026-04-09T19:07:38.759284+00:00
productores_musicales_gt,telegramchannels,group,all,All Categories,es,89,2026-04-09T19:07:38.759287+00:00
samsaraworld,telegramchannels,group,all,All Categories,es,90,2026-04-09T19:07:38.759290+00:00
cinedeterrorasiagrupo,telegramchannels,group,all,All Categories,es,91,2026-04-09T19:07:38.759292+00:00
huntersarena_cu,telegramchannels,group,all,All Categories,es,92,2026-04-09T19:07:38.759295+00:00
astrologiayespiritualidad,telegramchannels,group,all,All Categories,es,93,2026-04-09T19:07:38.759298+00:00
limitvtelevisio,telegramchannels,group,all,All Categories,es,94,2026-04-09T19:07:38.759301+00:00
tradingiberiacomunidad,telegramchannels,group,all,All Categories,es,95,2026-04-09T19:07:38.759303+00:00
compraventcdmx,telegramchannels,group,all,All Categories,es,96,2026-04-09T19:07:38.759306+00:00
pokemongochamberi,telegramchannels,group,all,All Categories,es,97,2026-04-09T19:07:38.759309+00:00
seduccione,telegramchannels,group,all,All Categories,es,98,2026-04-09T19:07:38.759311+00:00
cazadoresdecriptomonedas,telegramchannels,group,all,All Categories,es,99,2026-04-09T19:07:38.759314+00:00
officeywindows,telegramchannels,group,all,All Categories,es,100,2026-04-09T19:07:38.759317+00:00
grupojuridicolexiurisve,telegramchannels,group,all,All Categories,es,101,2026-04-09T19:07:38.759320+00:00
grupodelocos,telegramchannels,group,all,All Categories,es,102,2026-04-09T19:07:38.759322+00:00
oracioneintercesion,telegramchannels,group,all,All Categories,es,103,2026-04-09T19:07:38.759325+00:00
club_de_ilustradores,telegramchannels,group,3,Art & Design,es,1,2026-04-09T19:07:52.015627+00:00
ediciongrafica,telegramchannels,group,3,Art & Design,es,2,2026-04-09T19:07:52.015635+00:00
dibujoilustracionyacuarelas,telegramchannels,group,3,Art & Design,es,3,2026-04-09T19:07:52.015638+00:00
grafico2020,telegramchannels,group,3,Art & Design,es,7,2026-04-09T19:07:52.015656+00:00
amantes_ford,telegramchannels,group,4,Auto & Moto,es,1,2026-04-09T19:08:04.696116+00:00
pronosticosdeportivosef,telegramchannels,group,33,Betting,es,1,2026-04-09T19:08:17.793706+00:00
super_cuotas,telegramchannels,group,33,Betting,es,2,2026-04-09T19:08:17.793714+00:00
best_aciertos,telegramchannels,group,33,Betting,es,3,2026-04-09T19:08:17.793717+00:00
astrotipster,telegramchannels,group,33,Betting,es,7,2026-04-09T19:08:17.793735+00:00
futboleliteinfo,telegramchannels,group,33,Betting,es,8,2026-04-09T19:08:17.793738+00:00
botcoach,telegramchannels,group,33,Betting,es,9,2026-04-09T19:08:17.793741+00:00
gratis_rusbet,telegramchannels,group,33,Betting,es,10,2026-04-09T19:08:17.793744+00:00
droidzone,telegramchannels,group,5,Blogs,es,1,2026-04-09T19:08:30.728959+00:00
libros_electronicos,telegramchannels,group,6,Books & Magazine,es,1,2026-04-09T19:08:44.513166+00:00
cienciadelenergismogrupo,telegramchannels,group,6,Books & Magazine,es,2,2026-04-09T19:08:44.513174+00:00
novelas4fan,telegramchannels,group,6,Books & Magazine,es,3,2026-04-09T19:08:44.513177+00:00
calibreconfiguraciones,telegramchannels,group,6,Books & Magazine,es,7,2026-04-09T19:08:44.513196+00:00
vintbooks,telegramchannels,group,6,Books & Magazine,es,8,2026-04-09T19:08:44.513199+00:00
vencomcacaracas1,telegramchannels,group,7,Business & Startups,es,1,2026-04-09T19:08:57.916043+00:00
it_jobs_mexico,telegramchannels,group,7,Business & Startups,es,2,2026-04-09T19:08:57.916051+00:00
themanager_chat,telegramchannels,group,7,Business & Startups,es,3,2026-04-09T19:08:57.916054+00:00
gasolinamaracaiboof,telegramchannels,group,35,Communication,es,1,2026-04-09T19:09:21.592515+00:00
amistad_chat_amigos,telegramchannels,group,35,Communication,es,2,2026-04-09T19:09:21.592523+00:00
amistad_telegram,telegramchannels,group,35,Communication,es,3,2026-04-09T19:09:21.592526+00:00
iniciativa_volcan,telegramchannels,group,35,Communication,es,7,2026-04-09T19:09:21.592545+00:00
amistadvipenelmundo,telegramchannels,group,35,Communication,es,8,2026-04-09T19:09:21.592548+00:00
anonymous_chat_group,telegramchannels,group,35,Communication,es,9,2026-04-09T19:09:21.592551+00:00
wwwauracryptonet,telegramchannels,group,41,Crypto Airdrop,es,1,2026-04-09T19:09:34.780353+00:00
dineromovilchat,telegramchannels,group,9,Cryptocurrencies,es,1,2026-04-09T19:09:47.370175+00:00
bybitspanish,telegramchannels,group,9,Cryptocurrencies,es,2,2026-04-09T19:09:47.370184+00:00
stgcrypto,telegramchannels,group,9,Cryptocurrencies,es,3,2026-04-09T19:09:47.370187+00:00
deepspacehispano,telegramchannels,group,9,Cryptocurrencies,es,7,2026-04-09T19:09:47.370205+00:00
bitcoinesps,telegramchannels,group,9,Cryptocurrencies,es,8,2026-04-09T19:09:47.370208+00:00
cazadoresdecriptomonedas,telegramchannels,group,9,Cryptocurrencies,es,9,2026-04-09T19:09:47.370211+00:00
realinvestmentgrupo,telegramchannels,group,9,Cryptocurrencies,es,10,2026-04-09T19:09:47.370214+00:00
presalenewses,telegramchannels,group,9,Cryptocurrencies,es,11,2026-04-09T19:09:47.370217+00:00
cryptonovedades,telegramchannels,group,9,Cryptocurrencies,es,12,2026-04-09T19:09:47.370220+00:00
bitnovoofficial,telegramchannels,group,9,Cryptocurrencies,es,13,2026-04-09T19:09:47.370223+00:00
criptomanager,telegramchannels,group,9,Cryptocurrencies,es,14,2026-04-09T19:09:47.370225+00:00
kccofficialspanishcommunity,telegramchannels,group,9,Cryptocurrencies,es,15,2026-04-09T19:09:47.370229+00:00
agorachain,telegramchannels,group,9,Cryptocurrencies,es,16,2026-04-09T19:09:47.370231+00:00
mentemillonariadescarga,telegramchannels,group,9,Cryptocurrencies,es,17,2026-04-09T19:09:47.370234+00:00
daccspanish,telegramchannels,group,9,Cryptocurrencies,es,18,2026-04-09T19:09:47.370237+00:00
womprotocol_latam,telegramchannels,group,9,Cryptocurrencies,es,19,2026-04-09T19:09:47.370241+00:00
criptotostadora,telegramchannels,group,9,Cryptocurrencies,es,20,2026-04-09T19:09:47.370244+00:00
cryptomeetupbarcelona,telegramchannels,group,9,Cryptocurrencies,es,21,2026-04-09T19:09:47.370246+00:00
bancaes,telegramchannels,group,9,Cryptocurrencies,es,22,2026-04-09T19:09:47.370249+00:00
yes_lottery,telegramchannels,group,9,Cryptocurrencies,es,23,2026-04-09T19:09:47.370252+00:00
dryzustokenclub,telegramchannels,group,9,Cryptocurrencies,es,24,2026-04-09T19:09:47.370255+00:00
coinquerors,telegramchannels,group,9,Cryptocurrencies,es,25,2026-04-09T19:09:47.370258+00:00
qkshispano,telegramchannels,group,9,Cryptocurrencies,es,26,2026-04-09T19:09:47.370261+00:00
capacitacionesvisualtrader,telegramchannels,group,42,Crypto & FX Trading,es,1,2026-04-09T19:10:00.579520+00:00
forexprofitdc,telegramchannels,group,42,Crypto & FX Trading,es,2,2026-04-09T19:10:00.579529+00:00
fxnexotrading,telegramchannels,group,42,Crypto & FX Trading,es,3,2026-04-09T19:10:00.579533+00:00
tradingiberiacomunidad,telegramchannels,group,42,Crypto & FX Trading,es,7,2026-04-09T19:10:00.579558+00:00
rolfytrading,telegramchannels,group,42,Crypto & FX Trading,es,8,2026-04-09T19:10:00.579563+00:00
pennystock_es,telegramchannels,group,10,Economics & Finance,es,1,2026-04-09T19:10:13.764549+00:00
tropipay_payments,telegramchannels,group,10,Economics & Finance,es,2,2026-04-09T19:10:13.764557+00:00
divisashlg,telegramchannels,group,10,Economics & Finance,es,3,2026-04-09T19:10:13.764559+00:00
cazadoresdetendencias,telegramchannels,group,10,Economics & Finance,es,7,2026-04-09T19:10:13.764576+00:00
finanzas_estoicas,telegramchannels,group,10,Economics & Finance,es,8,2026-04-09T19:10:13.764579+00:00
ginseg,telegramchannels,group,11,Education,es,1,2026-04-09T19:10:26.861321+00:00
cursospremiumfull,telegramchannels,group,11,Education,es,2,2026-04-09T19:10:26.861328+00:00
educacionaragonesa,telegramchannels,group,11,Education,es,3,2026-04-09T19:10:26.861331+00:00
cc_21draw,telegramchannels,group,11,Education,es,7,2026-04-09T19:10:26.861348+00:00
loscursosdeldioskira,telegramchannels,group,11,Education,es,8,2026-04-09T19:10:26.861350+00:00
educacion_tics,telegramchannels,group,11,Education,es,9,2026-04-09T19:10:26.861354+00:00
losgrandestoicoschat,telegramchannels,group,11,Education,es,10,2026-04-09T19:10:26.861356+00:00
seduccione,telegramchannels,group,11,Education,es,11,2026-04-09T19:10:26.861359+00:00
grupojuridicolexiurisve,telegramchannels,group,11,Education,es,12,2026-04-09T19:10:26.861362+00:00
mapainteractivos,telegramchannels,group,11,Education,es,13,2026-04-09T19:10:26.861365+00:00
intercesoresyguerraespiritual,telegramchannels,group,11,Education,es,14,2026-04-09T19:10:26.861367+00:00
biopaturjc,telegramchannels,group,11,Education,es,15,2026-04-09T19:10:26.861370+00:00
chat_en_espanol,telegramchannels,group,12,Entertainment,es,1,2026-04-09T19:10:40.093782+00:00
iptvycuentasgratis,telegramchannels,group,12,Entertainment,es,2,2026-04-09T19:10:40.093790+00:00
simpsonsgrupo,telegramchannels,group,12,Entertainment,es,3,2026-04-09T19:10:40.093794+00:00
iptvgratis_anacondatv,telegramchannels,group,12,Entertainment,es,7,2026-04-09T19:10:40.093812+00:00
tvpelisflixhd,telegramchannels,group,12,Entertainment,es,8,2026-04-09T19:10:40.093815+00:00
chataterrador,telegramchannels,group,12,Entertainment,es,9,2026-04-09T19:10:40.093818+00:00
samsaraworld,telegramchannels,group,12,Entertainment,es,10,2026-04-09T19:10:40.093821+00:00
limitvtelevisio,telegramchannels,group,12,Entertainment,es,11,2026-04-09T19:10:40.093824+00:00
grupodelocos,telegramchannels,group,12,Entertainment,es,12,2026-04-09T19:10:40.093827+00:00
grupo_ufc,telegramchannels,group,12,Entertainment,es,13,2026-04-09T19:10:40.093830+00:00
comunidadotako,telegramchannels,group,12,Entertainment,es,14,2026-04-09T19:10:40.093833+00:00
limitvtelevisiononline,telegramchannels,group,12,Entertainment,es,15,2026-04-09T19:10:40.093836+00:00
iptvpremiumsim,telegramchannels,group,12,Entertainment,es,16,2026-04-09T19:10:40.093840+00:00
ciudadanoestelar,telegramchannels,group,12,Entertainment,es,17,2026-04-09T19:10:40.093843+00:00
juegosyencuestas,telegramchannels,group,12,Entertainment,es,18,2026-04-09T19:10:40.093846+00:00
queprefierescualprefieresgrupo,telegramchannels,group,12,Entertainment,es,19,2026-04-09T19:10:40.093849+00:00
juegotriviapanda,telegramchannels,group,12,Entertainment,es,20,2026-04-09T19:10:40.093852+00:00
fishpescamilagrosa,telegramchannels,group,12,Entertainment,es,21,2026-04-09T19:10:40.093855+00:00
nyuusu39_foro,telegramchannels,group,12,Entertainment,es,22,2026-04-09T19:10:40.093858+00:00
alichollos_belleza_es,telegramchannels,group,13,Fashion & Beauty,es,1,2026-04-09T19:10:53.044268+00:00
huntersarena_cu,telegramchannels,group,15,Games & Apps,es,1,2026-04-09T19:11:16.240895+00:00
apkpremium_pro_chat,telegramchannels,group,15,Games & Apps,es,2,2026-04-09T19:11:16.240903+00:00
pokemongochamberi,telegramchannels,group,15,Games & Apps,es,3,2026-04-09T19:11:16.240906+00:00
misionessbd,telegramchannels,group,15,Games & Apps,es,7,2026-04-09T19:11:16.240924+00:00
lahabitaciondelfriki,telegramchannels,group,15,Games & Apps,es,8,2026-04-09T19:11:16.240927+00:00
themesspanish,telegramchannels,group,15,Games & Apps,es,9,2026-04-09T19:11:16.240930+00:00
freefireameric,telegramchannels,group,15,Games & Apps,es,10,2026-04-09T19:11:16.240933+00:00
lamazmorradepacheco,telegramchannels,group,15,Games & Apps,es,11,2026-04-09T19:11:16.240936+00:00
ligafutmondo,telegramchannels,group,15,Games & Apps,es,12,2026-04-09T19:11:16.240939+00:00
juegogameejuegosgames,telegramchannels,group,15,Games & Apps,es,13,2026-04-09T19:11:16.240942+00:00
devsfromspain,telegramchannels,group,15,Games & Apps,es,14,2026-04-09T19:11:16.240945+00:00
paldeaadventures,telegramchannels,group,15,Games & Apps,es,15,2026-04-09T19:11:16.240948+00:00
magikarpjumppkmn,telegramchannels,group,15,Games & Apps,es,16,2026-04-09T19:11:16.240951+00:00
juegosprodiv,telegramchannels,group,15,Games & Apps,es,17,2026-04-09T19:11:16.240954+00:00
starcitizenmdk,telegramchannels,group,15,Games & Apps,es,18,2026-04-09T19:11:16.240957+00:00
elfortnoto,telegramchannels,group,15,Games & Apps,es,19,2026-04-09T19:11:16.240960+00:00
putalobo,telegramchannels,group,15,Games & Apps,es,20,2026-04-09T19:11:16.240963+00:00
medicinaentelegram,telegramchannels,group,16,Health,es,1,2026-04-09T19:11:28.875691+00:00
coronavirus_makers,telegramchannels,group,16,Health,es,2,2026-04-09T19:11:28.875699+00:00
grupodepsicoanalisis,telegramchannels,group,16,Health,es,3,2026-04-09T19:11:28.875702+00:00
invisalignesp,telegramchannels,group,16,Health,es,7,2026-04-09T19:11:28.875720+00:00
respiracionconsciente,telegramchannels,group,16,Health,es,8,2026-04-09T19:11:28.875724+00:00
alcoholicos_anonimos,telegramchannels,group,16,Health,es,9,2026-04-09T19:11:28.875726+00:00
fascitis,telegramchannels,group,16,Health,es,10,2026-04-09T19:11:28.875730+00:00
ingleshoy,telegramchannels,group,17,Languages,es,1,2026-04-09T19:11:41.479322+00:00
translation_argentina,telegramchannels,group,17,Languages,es,2,2026-04-09T19:11:41.479331+00:00
cubaventas,telegramchannels,group,20,Marketing,es,1,2026-04-09T19:12:04.281017+00:00
mercadolibremaracay,telegramchannels,group,20,Marketing,es,2,2026-04-09T19:12:04.281025+00:00
araguazonacentral,telegramchannels,group,20,Marketing,es,3,2026-04-09T19:12:04.281028+00:00
cartelseo,telegramchannels,group,20,Marketing,es,7,2026-04-09T19:12:04.281046+00:00
googleadsecommerce,telegramchannels,group,20,Marketing,es,8,2026-04-09T19:12:04.281049+00:00
compraventcdmx,telegramchannels,group,20,Marketing,es,9,2026-04-09T19:12:04.281052+00:00
topbacklinks,telegramchannels,group,20,Marketing,es,10,2026-04-09T19:12:04.281056+00:00
chollochat,telegramchannels,group,20,Marketing,es,11,2026-04-09T19:12:04.281059+00:00
botoneradelafortuna,telegramchannels,group,20,Marketing,es,12,2026-04-09T19:12:04.281062+00:00
pxpjonz,telegramchannels,group,20,Marketing,es,13,2026-04-09T19:12:04.281065+00:00
flixper,telegramchannels,group,30,Movies & Videos,es,1,2026-04-09T19:12:17.518598+00:00
elanimeesmiadn,telegramchannels,group,30,Movies & Videos,es,2,2026-04-09T19:12:17.518606+00:00
riverdalenow,telegramchannels,group,30,Movies & Videos,es,3,2026-04-09T19:12:17.518610+00:00
anime_on_global,telegramchannels,group,30,Movies & Videos,es,7,2026-04-09T19:12:17.518628+00:00
spainiptvzone9,telegramchannels,group,30,Movies & Videos,es,8,2026-04-09T19:12:17.518631+00:00
solopeliculasesp,telegramchannels,group,30,Movies & Videos,es,9,2026-04-09T19:12:17.518635+00:00
cinedeterrorasiagrupo,telegramchannels,group,30,Movies & Videos,es,10,2026-04-09T19:12:17.518638+00:00
streammix1,telegramchannels,group,30,Movies & Videos,es,11,2026-04-09T19:12:17.518641+00:00
thecinemadorado,telegramchannels,group,30,Movies & Videos,es,12,2026-04-09T19:12:17.518644+00:00
animeadictosg,telegramchannels,group,30,Movies & Videos,es,13,2026-04-09T19:12:17.518647+00:00
flstudioesp,telegramchannels,group,21,Music,es,1,2026-04-09T19:12:30.221472+00:00
lapatanamusic,telegramchannels,group,21,Music,es,2,2026-04-09T19:12:30.221480+00:00
productores_musicales_gt,telegramchannels,group,21,Music,es,3,2026-04-09T19:12:30.221484+00:00
onbely,telegramchannels,group,21,Music,es,7,2026-04-09T19:12:30.221502+00:00
rememberelectronica,telegramchannels,group,21,Music,es,8,2026-04-09T19:12:30.221505+00:00
tripbynight,telegramchannels,group,21,Music,es,9,2026-04-09T19:12:30.221509+00:00
gasolinacaracas,telegramchannels,group,23,News & Media,es,1,2026-04-09T19:12:53.890335+00:00
rousseduction,telegramchannels,group,39,NSFW & Adults,es,1,2026-04-09T19:13:06.510664+00:00
vendoycompromaracay,telegramchannels,group,31,Other,es,1,2026-04-09T19:13:19.519878+00:00
pasaportevenezolano,telegramchannels,group,31,Other,es,2,2026-04-09T19:13:19.519886+00:00
rinconotaku,telegramchannels,group,31,Other,es,3,2026-04-09T19:13:19.519889+00:00
romeroshopmx,telegramchannels,group,31,Other,es,7,2026-04-09T19:13:19.519908+00:00
wilmerdelgadoc,telegramchannels,group,31,Other,es,8,2026-04-09T19:13:19.519911+00:00
impresoras3desp,telegramchannels,group,31,Other,es,9,2026-04-09T19:13:19.519915+00:00
darwinizate,telegramchannels,group,31,Other,es,10,2026-04-09T19:13:19.519918+00:00
trivial_online,telegramchannels,group,31,Other,es,11,2026-04-09T19:13:19.519921+00:00
oracioneintercesion,telegramchannels,group,31,Other,es,12,2026-04-09T19:13:19.519925+00:00
exscnet,telegramchannels,group,31,Other,es,13,2026-04-09T19:13:19.519928+00:00
youtubesegui,telegramchannels,group,31,Other,es,14,2026-04-09T19:13:19.519931+00:00
juntosporvox,telegramchannels,group,31,Other,es,15,2026-04-09T19:13:19.519935+00:00
ligarengalicia,telegramchannels,group,31,Other,es,16,2026-04-09T19:13:19.519938+00:00
preppersmx,telegramchannels,group,31,Other,es,17,2026-04-09T19:13:19.519941+00:00
antivacunamx,telegramchannels,group,31,Other,es,18,2026-04-09T19:13:19.519944+00:00
rosariospam,telegramchannels,group,31,Other,es,19,2026-04-09T19:13:19.519947+00:00
ventasentodavenezuela,telegramchannels,group,31,Other,es,20,2026-04-09T19:13:19.519950+00:00
viajeentrelibrosysaberesgrupo,telegramchannels,group,31,Other,es,21,2026-04-09T19:13:19.519954+00:00
colespa,telegramchannels,group,31,Other,es,22,2026-04-09T19:13:19.519957+00:00
snoopyrevapuestas0,telegramchannels,group,31,Other,es,23,2026-04-09T19:13:19.519960+00:00
solucpymes,telegramchannels,group,31,Other,es,24,2026-04-09T19:13:19.519963+00:00
bboteurope,telegramchannels,group,31,Other,es,25,2026-04-09T19:13:19.519966+00:00
botonerasrexis,telegramchannels,group,31,Other,es,26,2026-04-09T19:13:19.519969+00:00
diariodetuspesadillasgrupo,telegramchannels,group,31,Other,es,27,2026-04-09T19:13:19.519972+00:00
conciencianacionalmx,telegramchannels,group,31,Other,es,28,2026-04-09T19:13:19.519975+00:00
mundoglocal,telegramchannels,group,37,Political,es,1,2026-04-09T19:13:42.869134+00:00
energiaescalarmx,telegramchannels,group,25,Science,es,1,2026-04-09T19:13:55.601245+00:00
odisea_filosofica,telegramchannels,group,25,Science,es,2,2026-04-09T19:13:55.601253+00:00
bibliometriaobarbarie,telegramchannels,group,25,Science,es,3,2026-04-09T19:13:55.601256+00:00
gipfenix,telegramchannels,group,25,Science,es,7,2026-04-09T19:13:55.601275+00:00
semillas_estelares_starseeds,telegramchannels,group,26,Self Development,es,1,2026-04-09T19:14:08.554160+00:00
estoicos,telegramchannels,group,26,Self Development,es,2,2026-04-09T19:14:08.554168+00:00
goodboytalking,telegramchannels,group,26,Self Development,es,3,2026-04-09T19:14:08.554171+00:00
astrologiayespiritualidad,telegramchannels,group,26,Self Development,es,7,2026-04-09T19:14:08.554188+00:00
eneagramadepersonalidad,telegramchannels,group,26,Self Development,es,8,2026-04-09T19:14:08.554191+00:00
frases_motivacionales_365_247,telegramchannels,group,26,Self Development,es,9,2026-04-09T19:14:08.554194+00:00
meditacionpractica,telegramchannels,group,26,Self Development,es,10,2026-04-09T19:14:08.554197+00:00
alichollos_tecnologia_es,telegramchannels,group,32,Shop,es,1,2026-04-09T19:14:21.242031+00:00
amazonchollazoses,telegramchannels,group,32,Shop,es,2,2026-04-09T19:14:21.242039+00:00
ofertasgrandes,telegramchannels,group,32,Shop,es,3,2026-04-09T19:14:21.242042+00:00
alichollos_hogar_es,telegramchannels,group,32,Shop,es,7,2026-04-09T19:14:21.242060+00:00
alichollos_maternidad_es,telegramchannels,group,32,Shop,es,8,2026-04-09T19:14:21.242063+00:00
chollosahora,telegramchannels,group,32,Shop,es,9,2026-04-09T19:14:21.242065+00:00
pepefy_chat,telegramchannels,group,32,Shop,es,10,2026-04-09T19:14:21.242068+00:00
amazon_reviews_spain,telegramchannels,group,32,Shop,es,11,2026-04-09T19:14:21.242071+00:00
gironafutbolclub,telegramchannels,group,27,Sports & Fitness,es,1,2026-04-09T19:14:34.199157+00:00
telegorda1,telegramchannels,group,27,Sports & Fitness,es,2,2026-04-09T19:14:34.199166+00:00
camiseta_es,telegramchannels,group,27,Sports & Fitness,es,3,2026-04-09T19:14:34.199169+00:00
racingdesantander,telegramchannels,group,27,Sports & Fitness,es,7,2026-04-09T19:14:34.199187+00:00
efootball_cooperativo,telegramchannels,group,27,Sports & Fitness,es,8,2026-04-09T19:14:34.199191+00:00
novadeportes,telegramchannels,group,27,Sports & Fitness,es,9,2026-04-09T19:14:34.199194+00:00
fortinet_la,telegramchannels,group,28,Technology,es,1,2026-04-09T19:14:57.364304+00:00
pythonesp,telegramchannels,group,28,Technology,es,2,2026-04-09T19:14:57.364312+00:00
gnulinuxgrupo,telegramchannels,group,28,Technology,es,3,2026-04-09T19:14:57.364316+00:00
mikrotik_la,telegramchannels,group,28,Technology,es,7,2026-04-09T19:14:57.364334+00:00
linuxeros_es,telegramchannels,group,28,Technology,es,8,2026-04-09T19:14:57.364336+00:00
thegoodhacker,telegramchannels,group,28,Technology,es,9,2026-04-09T19:14:57.364340+00:00
anycubic,telegramchannels,group,28,Technology,es,10,2026-04-09T19:14:57.364343+00:00
arduchino,telegramchannels,group,28,Technology,es,11,2026-04-09T19:14:57.364346+00:00
detrasdelmapa,telegramchannels,group,28,Technology,es,12,2026-04-09T19:14:57.364349+00:00
mobileshotbr,telegramchannels,group,28,Technology,es,13,2026-04-09T19:14:57.364352+00:00
licenciaswindowsyoffice,telegramchannels,group,28,Technology,es,14,2026-04-09T19:14:57.364355+00:00
officeywindows,telegramchannels,group,28,Technology,es,15,2026-04-09T19:14:57.364358+00:00
jaysroms,telegramchannels,group,28,Technology,es,16,2026-04-09T19:14:57.364361+00:00
grupo_entropiabinaria,telegramchannels,group,28,Technology,es,17,2026-04-09T19:14:57.364364+00:00
iahispana,telegramchannels,group,28,Technology,es,18,2026-04-09T19:14:57.364367+00:00
padawansconmiwatch,telegramchannels,group,28,Technology,es,19,2026-04-09T19:14:57.364370+00:00
samsungdexesp,telegramchannels,group,28,Technology,es,20,2026-04-09T19:14:57.364373+00:00
motorolag,telegramchannels,group,28,Technology,es,21,2026-04-09T19:14:57.364376+00:00
aplicacionesgratisapk,telegramchannels,group,28,Technology,es,22,2026-04-09T19:14:57.364380+00:00
soywebmastercom,telegramchannels,group,28,Technology,es,23,2026-04-09T19:14:57.364382+00:00
vuelatam,telegramchannels,group,28,Technology,es,24,2026-04-09T19:14:57.364385+00:00
traductoressl,telegramchannels,group,28,Technology,es,25,2026-04-09T19:14:57.364388+00:00
xiaomir3p,telegramchannels,group,28,Technology,es,26,2026-04-09T19:14:57.364391+00:00
debatetecno,telegramchannels,group,28,Technology,es,27,2026-04-09T19:14:57.364394+00:00
ezeiza,telegramchannels,group,29,Travel,es,1,2026-04-09T19:15:27.809201+00:00
puertomadero,telegramchannels,group,29,Travel,es,2,2026-04-09T19:15:27.809209+00:00
bricolaje_ferreteria,telegramchannels,group,34,Utilities & Tools,es,1,2026-04-09T19:15:37.413110+00:00
